Lon,Lat,Clave,Edo,Est,Tmed
-101.51,20.43,ABSGJ,GTO,ABASOLO,16.2
-98.38,24.06,ABSTP,TAMPS,ABASOLO,15.0
-116.9,32.44,ALRBN,BC,ABELARDO L. RODRIGUEZ,16.7
-97.97,20.17,ACJPB,PUE,ACAJETE                           *,12.3
-92.8,16.55,ACACP,CHIS,ACALA,21.2
-100.71,20.03,ACNGJ,GTO,ACAMBARO,15.0
-99.75,16.76,76805,GRO,ACAPULCO,27.2
-99.9,16.84,ACAGR,GRO,ACAPULCO,25.4
-96.84,19.7,ACAVC,VER,ACATLAN,12.8
-103.23,22.33,ACHZC,ZAC,ACHIMEC,12.8
-110.21,30,ACNSO,SON,ACONCHI,14.8
-98.94,20.26,ACTHD,HGO,ACTOPAN,13.3
-96.58,19.49,ACTVC,VER,ACTOPAN,20.0
-108.7,25.7,ARCSI,SIN,ADOLFO RUIZ CORTINEZ,20.1
-99.5,17.5,AERGR,GRO,AEROPUERTO,21.3
-100.93,25.55,ARACL,COAH,AEROPUERTO DE RAMOS ARIZPE,10.0
-104.48,26.23,APRDR,DGO,AGUA PUERCA,10.5
-101.62,20.49,ATBGJ,GTO,AGUA TIBIA,13.5
-102.29,21.85,76571,AGS,AGUASCALIENTES,13.2
-102.3,21.89,AGSAG,AGS,AGUASCALIENTES,14.0
-104.07,25.26,AM2DR,DGO,AGUSTIN MELGAR (EHCA),12.5
-98.14,20.03,AHUPB,PUE,AHUAZOTEPEC,7.5
-97.41,19.45,ACHPB,PUE,ALCHICHICA,9.4
-100.84,28.33,ADLCL,COAH,ALLENDE,10.7
-111.83,30.71,76113,SON,ALTAR,16.5
-111.73,30.71,ALTSO,SON,ALTAR,16.8
-97.23,19.76,ALTVC,VER,ALTOTONGA,9.2
-107.46,25.03,AWSSI,SIN,ANDREW WEISS,20.2
-92.75,16.44,ANGCP,CHIS,ANGOSTURA,21.7
-97.84,20.41,APAPB,PUE,APAPANTILLA,18.6
-102.27,19.08,APTMC,MICH,APATZINGAN                          *,24.3
-93.9,16.24,76840,CHIS,ARRIAGA,26.6
-93.89,16.24,AROCP,CHIS,ARRIAGA METEOROLÓGICO,26.7
-98.4,18.9,ATXPB,PUE,ATLIXCO,16.1
-103.46,21.81,ATGZC,ZAC,ATOLINGA,11.1
-107.91,25.85,GD2SI,SIN,BACURATO (HIDRO) P.GUSTAVO DÍAZ ORDAZ,21.2
-98.16,18.89,BDDPB,PUE,BALCON DEL DIABLO,11.9
-98.95,21.74,BLMSL,SLP,BALLESMI,17.1
-96.72,17.07,BAEOX,OAX,BASE AEREA,16.2
-104.05,19.91,BBAJL,JAL,BASILIO BADILLO,22.0
-107.72,27.03,BTPCH,CHIH,BATOPILAS,22.2
-89.25,19.83,BECYC,YUC,BECANCHEN,20.5
-91.48,17.43,BDCTB,TAB,BOCA DEL CERRO,22.4
-91.48,17.42,BOCADELCERRO,TAB,BOCA DEL CERRO,21.8
-102.97,22.82,BTEZC,ZAC,BOCA DEL TESORERO,9.3
-97.93,22.39,BALTP,TAMPS,BOMBAS ALTAMIRA,17.3
-93.15,16.64,BOQCP,CHIS,BOQUERON,21.4
-95.93,16.65,BOQOX,OAX,BOQUILLA 1,22.0
-96.93,19.48,BRIVC,VER,BRIONES,12.2
-103.61,19.24,BVSCM,COL,BUENAVISTA,23.7
-99.2,18.2,BVSGR,GRO,BUENAVISTA,19.1
-98.19,19.04,CNAPB,PUE,C.N.A.,15.1
-105.06,20.03,CPEJL,JAL,CAJON DE PE¤A,24.5
-103.63,18.81,CLLCM,COL,CALLEJONES,27.0
-102.41,22.14,PECAG,AGS,CALLES,14.1
-99.12,19.53,CEADF,DF,CAMPAMENTO AMEALCO,13.5
-90.5,19.83,76695,CAMP,CAMPECHE,22.6
-90.54,19.83,CMPCA,CAMP,CAMPECHE,21.7
-90.54,19.83,COBCA,CAMP,CAMPECHE OBSERVATORIO,22.5
-104.7,24,CAGDR,DGO,CAMPO AGRICOLA,11.1
-90.72,19.36,CANCA,CAMP,CANASAYAB,21.5
-104.75,24.5,CNTDR,DGO,CANATLAN,12.6
-86.82,21.15,CANQR,QROO,CANCUN,24.8
-91.04,18.18,CNDCA,CAMP,CANDELARIA,22.4
-96.37,19.36,CRDVC,VER,CARDEL,21.3
-93.41,17.8,CARTB,TAB,CARDENAS,21.7
-88.04,19.57,FCRQR,QROO,CARRILLO PUERTO,22.5
-107.9,30.5,CAGCH,CHIH,CASAS GRANDES,8.8
-92.47,16.3,CASCP,CHIS,CASCAJAL,21.1
-105.17,27.69,CCOCH,CHIH,CD. CAMARGO,9.5
-111.65,25.01,76402,BCS,CD. CONSTITUCIÓN,19.2
-105.46,28.2,CDLCH,CHIH,CD. DELICIAS,11.4
-106.44,31.73,CJZCH,CHIH,CD. JUAREZ,8.8
-99.01,21.98,CDVSL,SLP,CD. VALLES,17.6
-99.17,23.75,76491,TAMPS,CD. VICTORIA,13.8
-97.94,18.96,CEMPB,PUE,CEMEX,11.7
-99.2,19.4,76680,DF,CENTRAL TACUBAYA,14.0
-96.26,18.01,CDOOX,OAX,CERRO DE ORO (MADRID),20.8
-103.72,18.75,CDOCM,COL,CERRO DE ORTEGA,25.2
-90.71,19.36,CHMCA,CAMP,CHAMPOTON,22.0
-88.3,18.48,76750,QROO,CHETUMAL,22.6
-88.32,18.49,CHOQR,QROO,CHETUMAL,22.6
-94.82,16.58,CHIOX,OAX,CHICAPA,23.6
-93.1,16.93,CHICP,CHIS,CHICOASEN,21.1
-92.28,15.75,CHMCP,CHIS,CHICOMUSELO,20.9
-98.57,18.51,CHIPB,PUE,CHIETLA,20.3
-98.05,19.91,CNGPB,PUE,CHIGNAHUAPAN,7.3
-106.13,28.67,76225,CHIH,CHIHUAHUA,10.7
-99.5,17.55,76762,GRO,CHILPANCINGO,21.3
-99.5,17.54,CHIGR,GRO,CHILPANCINGO,20.6
-108.54,27.41,CNDCH,CHIH,CHINIPAS,17.4
-89.68,20.64,CHOYC,YUC,CHOCHOLA,22.2
-108.32,26.7,76311,SIN,CHOIX,21.1
-97.58,19.93,CHLPB,PUE,CHOLULA,14.2
-100.9,20.95,CSRGJ,GTO,CINCO SEÑORES,11.3
-100.95,29.32,CDACL,COAH,CIUDAD ACUÑA,9.7
-100.66,18.35,CALGR,GRO,CIUDAD ALTAMIRANO,26.1
-91.76,18.65,CARCA,CAMP,CIUDAD DEL CARMEN,23.1
-104.75,23.95,CGVDR,DGO,CIUDAD GUADALUPE VICTORIA,12.3
-103.46,19.73,76656,JAL,CIUDAD GUZMÁN,15.8
-103.52,25.53,CLRDR,DGO,CIUDAD LERDO,12.6
-99.92,22.58,CIUDADMANTE,TAMPS,CIUDAD MANTE,18.5
-109.93,27.5,COBSO,SON,CIUDAD OBREGON,20.4
-97.43,18.98,CDSPB,PUE,CIUDAD SERDAN,9.8
-99.18,23.73,CVTTP,TAMPS,CIUDAD VICTORIA GERENCIA,15.4
-99.16,23.71,CVCTP,TAMPS,CIUDAD VICTORIA OBSERVATORIO,14.1
-94.51,18.19,76741,VER,COATZACOALCOS,21.1
-94.4,18.1,COTVC,VER,COATZACOALCOS,21.1
-109.61,27.41,CCRSO,SON,COCORAQUE,18.6
-103.72,19.24,76658,COL,COLIMA,25.1
-92.13,16.23,76848,CHIS,COMITAN,15.9
-92.1,16.2,COOCP,CHIS,COMITAN OBSV.,16.3
-97.81,25.63,CONTP,TAMPS,CONTROL,14.6
-103.8,19.21,CQMCM,COL,COQUIMATLAN,25.5
-98.93,23.93,CORTP,TAMPS,CORONA,14.2
-100.95,20.48,CRTGJ,GTO,CORTAZAR,15.1
-102.3,22.36,CSOAG,AGS,COSIO,8.3
-103.46,25.54,CYTCL,COAH,COYOTE,14.9
-86.95,20.41,COZQR,QROO,COZUMEL,26.4
-92.14,16.72,CREDCOMITAN,CHIS,CRED COMITAN,15.8
-103.6,19.32,CUACM,COL,CUAHTEMOC,23.8
-98.41,16.47,CNLGR,GRO,CUAJINICUILAPA,26.7
-97.73,19.29,CUATL,TLAX,CUAPIAXTLA,10.8
-102.06,26.98,CCGCL,COAH,CUATRO CIENEGAS,12.0
-103.69,24.87,CNCDR,DGO,CUENCAME,14.6
-101.66,20.61,CRMGJ,GTO,CUERAMARO,15.6
-99.2,18.9,CUEMR,MOR,CUERNAVACA,17.6
-107.4,24.81,CLCSI,SIN,CULIACAN,20.2
-107.44,24.63,76412,SIN,CULIACÁN,20.1
-103.88,19.11,DJLCM,COL,DERIVADORA JALA,24.6
-99.2,19.3,DATDF,DF,DESVIACION ALTA,12.8
-104.6,24.09,76423,DGO,DURANGO,12.1
-104.66,24.03,DRGDR,DGO,DURANGO,12.2
-98.2,18.98,ECHPB,PUE,ECHEVERRIA,14.7
-115.19,32.41,76040,BC,EJIDO NVO. LEÓN,16.3
-99.12,24.08,BR1TP,TAMPS,EL BARRERAL 1,14.7
-99.21,24.1,BRRTP,TAMPS,EL BARRETAL,14.2
-110.73,29.47,CJNSO,SON,EL CAJON,16.5
-116.7,32.48,CRRBN,BC,EL CARRIZO,17.4
-109.33,26.1,CRRSI,SIN,EL CARRIZO,17.8
-103.09,23.69,ELCZC,ZAC,EL CAZADERO,11.3
-102.89,22,CHIZC,ZAC,EL CHIQUE,17.2
-109.23,29.2,ECBSO,SON,EL CUBIL,16.9
-87.78,21.51,CYOYC,YUC,EL CUYO,23.0
-108.61,26.43,EFTSI,SIN,EL FUERTE,20.2
-100.45,19.96,EGIMC,MICH,EL GIGANTE,14.4
-98.44,21.77,HGOVC,VER,EL HIGO,16.9
-110.43,29.4,PMOSO,SON,EL MOLINITO,19.0
-102.44,21.77,NGRAG,AGS,EL NIAGARA,13.3
-98.51,21.84,OLVVC,VER,EL OLIVO,16.6
-110.7,29.22,ORGSO,SON,EL OREGANO,20.0
-92.81,18.04,EPOTB,TAB,EL PORVENIR,22.1
-98.93,21.84,PUJSL,SLP,EL PUJAL,17.3
-102.04,22.67,ELSZC,ZAC,EL SALADILLO,10.0
-106.69,24.12,SLTSI,SIN,EL SALTO (AURELIO BENASSINI),23.3
-91.78,17.74,EMILIANOZAPATA,TAB,EMILIANO ZAPATA,21.7
-89.58,20.98,EZAYC,YUC,EMILIANO ZAPATA,21.7
-116.16,31.1,ELZBN,BC,EMILIO LOPEZ ZAMORA,16.1
-110.8,27.95,76256,SON,EMPALME,19.2
-110.8,27.95,EPLSO,SON,EMPALME                             *,19.9
-90.74,18.6,ESCCA,CAMP,ESCARCEGA,22.3
-88.05,19.57,76698,QROO,FPE. CARRILLO PUERTO,22.5
-99.23,21.9,GANSL,SLP,GALLINAS,16.0
-105.13,20.88,GAVNR,NAY,GAVIOTAS,23.2
-102.46,22.49,GRCZC,ZAC,GENARO CODINA,9.2
-105.25,25.5,GESDR,DGO,GENERAL ESCOBEDO,11.2
-89.65,20.98,GARYC,YUC,GERENCIA REGIONAL,21.2
-93,17.97,GONTB,TAB,GONZALEZ,21.4
-93.12,16.97,GRICP,CHIS,GRIJALVA,21.5
-103.39,20.71,76612,JAL,GUADALAJARA,15.3
-103.4,20.7,GUCJL,JAL,GUADALAJARA COLOMUS,15.7
-102.51,22.75,GPEZC,ZAC,GUADALUPE,12.0
-108.09,25.46,GMCSI,SIN,GUAMUCHIL,20.8
-105.96,25.93,GNCDR,DGO,GUANACEVIT,6.9
-101.29,21.01,76577,GTO,GUANAJUATO,14.0
-101.26,21.01,GTOGJ,GTO,GUANAJUATO,14.5
-108.3,29.2,GPCCH,CHIH,GUAPOCA,10.1
-108.46,25.71,GSVSI,SIN,GUASAVE,20.2
-107.22,25.34,GTNSI,SIN,GUATENIPA,23.6
-110.85,27.95,GYMSO,SON,GUAYMAS,18.4
-90.14,20.19,HECCA,CAMP,HECELCHAKAN,22.1
-110.93,29.08,76160,SON,HERMOSILLO,18.8
-110.92,29.07,HMNSO,SON,HERMOSILLO,21.3
-110.92,29.07,HM2SO,SON,HERMOSILLO OBS.,20.2
-105.67,26.92,76323,CHIH,HGO. DEL PARRAL,11.6
-109.33,25.98,HDZSI,SIN,HIGERA DE ZARAGOZA,21.5
-99.18,18.57,HIGMR,MOR,HIGUERON,19.5
-89.84,19.75,HPOCA,CAMP,HOPELCHEN,21.1
-108.95,30.21,HSHSO,SON,HUACHINERA,9.5
-97.77,17.8,76773,OAX,HUAJUAPAN DE LEON,16.2
-97.76,17.8,HDLOX,OAX,HUAJUAPAN DE LEON,16.3
-98.53,18.76,HQCPB,PUE,HUAQUECHULA,17.6
-98.05,20.18,HUAPB,PUE,HUAUCHINANGO,11.2
-99.02,18.44,HUTMR,MOR,HUAUTLA,19.3
-98.45,19.1,HJTPB,PUE,HUEJOTZINGO,12.1
-98.41,21.15,HJTHD,HGO,HUEJUTLA,17.7
-99.64,20.37,HCPHD,HGO,HUICHAPAN,11.4
-99.01,19.02,HUIMR,MOR,HUITZILAC,12.0
-92.47,15.13,HUICP,CHIS,HUIXTLA,27.2
-96.55,19.4,IDOVC,VER,IDOLOS,21.9
-99.55,18.34,IGLGR,GRO,IGUALA,22.8
-101.35,20.68,IRPGJ,GTO,IRAPUATO,15.4
-99.22,20.48,IXMHD,HGO,IXMIQUILPAN,15.7
-106.59,23.95,IXPSI,SIN,IXPALINO,22.7
-95.1,16.58,IXTOX,OAX,IXTEPEC,23.8
-98.46,18.58,IZMPB,PUE,IZUCAR DE MATAMOROS,19.4
-96.9,19.51,76687,VER,JALAPA,14.5
-104.51,22.25,JMANR,NAY,JESÚS MARÍA,22.9
-102.35,22.12,JCQAG,AGS,JOCOQUE,13.1
-98.8,18.7,JNCMR,MOR,JONACATEPEC,19.2
-99.05,19.63,K27MX,MEX,KM. 27 + 250,12.7
-105.39,27.53,LBQCH,CHIH,LA BOQUILLA,11.5
-102.57,22.78,LBUZC,ZAC,LA BUFA,11.4
-106.9,23.91,LCRSI,SIN,LA CRUZ,20.7
-98.92,18.68,LCUMR,MOR,LA CUERA,20.0
-97.02,19.6,JOYVC,VER,LA JOYA,8.4
-110.32,24.12,76405,BCS,LA PAZ,20.6
-110.36,24.15,LPZBS,BCS,LA PAZ,20.5
-103.72,19.22,LPSCM,COL,LA POSTA,25.3
-99.11,22.83,LSRTP,TAMPS,LA SERVILLETA,17.2
-103.2,20.3,LDCJL,JAL,LAGO DE CHAPALA,17.3
-103.86,18.9,LDACM,COL,LAGUNA DE AMELA,24.5
-98.55,21.97,AJTSL,SLP,LAS ADJUNTAS,16.7
-101.83,20.66,LADGJ,GTO,LAS ADJUNTAS,12.2
-99.21,19.56,ARBMX,MEX,LAS ARBOLEDAS,13.0
-93.56,16.69,LFLCP,CHIS,LAS FLORES,20.1
-94.91,17.41,LPEVC,VER,LAS PERLAS,20.0
-99.23,16.76,LDGGR,GRO,LAS VIGAS,21.8
-103.21,23.18,LREZC,ZAC,LEOBARDO REYNOSO,11.0
-101.66,21.1,LENGJ,GTO,LEON,16.0
-97.69,19.49,LIBPB,PUE,LIBRES,11.5
-102.66,23,LLBZC,ZAC,LLANO BLANCO,10.8
-103.38,22.84,LOBZC,ZAC,LOBATOS,11.3
-111.35,26.02,76305,BCS,LORETO,20.7
-111.34,26.01,LRTBS,BCS,LORETO,20.7
-102,21.89,CNSAG,AGS,LOS CONOS,12.3
-98.27,21.16,HLSVC,VER,LOS HULES,17.3
-109,25.8,MCHSI,SIN,LOS MOCHIS,20.2
-92.6,17.76,MACTB,TAB,MACUSPANA,21.5
-99.19,26.07,MDRNL,NL,MADERO,13.7
-97.84,22.28,MDRTP,TAMPS,MADERO,16.6
-98.7,22.79,MGSTP,TAMPS,MAGISCATZIN II,16.0
-99.55,24.56,MAGTP,TAMPS,MAGUEYES,12.6
-104.33,19.07,76654,COL,MANZANILLO,26.2
-104.31,19.04,MNZCM,COL,MANZANILLO,26.2
-96.13,17.49,MAROX,OAX,MARIA LOMBARDO                      ,19.7
-97.04,20.06,MDTVC,VER,MARTINEZ DE LA TORRE,18.6
-97.52,25.83,MATTP,TAMPS,MATAMOROS,13.6
-98.81,21.28,76585,SLP,MATLAPA,16.3
-98.8,21.33,MTPSL,SLP,MATLAPA,16.7
-98.1,18.6,MAYPB,PUE,MAYORAZGO 21 PTE.,13.7
-106.41,23.22,76458,SIN,MAZATLAN,21.1
-106.4,23.23,MZTSI,SIN,MAZATLAN,21.2
-89.65,20.95,76644,YUC,MERIDA,22.9
-89.6,21,MEOYC,YUC,MERIDA OBSERVATORIO,22.9
-103.36,21.21,MORZC,ZAC,MEZQUITAL DEL ORO,17.4
-99.15,22.12,MICSL,SLP,MICOS,15.4
-103.44,24.29,MGAZC,ZAC,MIGUEL AUZA,12.6
-99.43,23.91,MHGTP,TAMPS,MIGUEL HIDALGO,13.4
-94.93,18.13,MNZVC,VER,MINZAPAN,19.4
-96.83,19.93,MZNVC,VER,MISANTLA,15.3
-99.21,20.23,MXQHD,HGO,MIXQUIAHUALA,12.4
-101.42,26.91,76342,COAH,MONCLOVA,13.0
-101.41,26.9,MCVCL,COAH,MONCLOVA,13.1
-100.3,25.73,76393,NL,MONTERREY,14.4
-100.26,25.68,MTRNL,NL,MONTERREY,13.4
-101.18,19.7,76665,MICH,MORELIA,15.2
-101.18,19.69,MORMC,MICH,MORELIA,15.1
-89.7,20.49,MUNYC,YUC,MUNA,21.3
-109.68,30.37,NCZSO,SON,NACOZARI,13.8
-99.32,22.52,NRJSL,SLP,NARANJO,14.4
-109.44,27.07,NVJSO,SON,NAVOJOA,18.5
-102.85,21.36,NCTZC,ZAC,NOCHISTLAN,12.9
-90.22,19.43,NYXCA,CAMP,NOH-YAXCHE,23.0
-101.33,27.92,NUEVAROSITA,COAH,NUEVA ROSITA,10.8
-107.95,30.37,76122,CHIH,NUEVO CASAS GRANDES,8.7
-96.7,17.07,76775,OAX,OAXACA,16.9
-96.73,17.06,OACOX,OAX,OAXACA CENTRO,18.4
-96.7,17,OAOOX,OAX,OAXACA OBS. AEROPUERTO,17.2
-99.21,18.9,OBSMR,MOR,OBSERVATORIO,17.5
-98.2,19.4,OBSTL,TLAX,OBSERVATORIO,13.1
-102.29,21.85,OBSAG,AGS,OBSERVATORIO AGS.,14.2
-106.12,28.7,QIJCH,CHIH,OBSERVATORIO CHIHUAHUA,11.0
-99.8,16.8,ODAGR,GRO,OBSERVATORIO DE ACAPULCO,27.2
-107.44,24.63,OBSSI,SIN,OBSERVATORIO DE CULIACAN,20.1
-101.01,25.37,SALCL,COAH,OBSV. SALTILLO,11.7
-104.42,29.56,OJNCH,CHIH,OJINAGA,10.0
-98.43,16.68,OMEGR,GRO,OMETEPEC,20.9
-97.1,18.85,76737,VER,ORIZABA,15.5
-97.1,18.85,ORZVC,VER,ORIZABA,15.4
-89.39,20.29,OXKYC,YUC,OXKUTZCAB,19.7
-97.53,19.7,OYAPB,PUE,OYAMELES,5.7
-104.8,24.51,CBRDR,DGO,P. CABORACA,9.1
-105.62,28.16,FIMCH,CHIH,P. FRANCISCO I. MADERO,10.7
-110.39,28.43,IRASO,SON,P. IGNACIO R. A LA TORRE,18.2
-99.33,20.73,PRGHD,HGO,P. ROJO GOMEZ (LA PEÑA),14.2
-104.67,23.87,SBYDR,DGO,P. SANTIAGO BAYACORA,12.4
-104.5,26.1,VHGDR,DGO,P. VILLA HIDALGO,10.2
-103.34,21.65,EXCZC,ZAC,P.MIGUEL ALEMAN (EXCAME),13.5
-102.29,22.16,PBLAG,AGS,PABELLON,12.5
-98.75,20.13,76632,HGO,PACHUCA,11.2
-98.9,24.05,PADTP,TAMPS,PADILLA,14.8
-92.09,18.12,PLZCA,CAMP,PALIZADAS,22.2
-102.8,22.35,PALZC,ZAC,PALOMAS,11.8
-98.17,22.05,PNCVC,VER,PANUCO,17.9
-96.08,18.16,PAPOX,OAX,PAPALOAPAN,22.3
-105.7,26.9,PRRCH,CHIH,PARRAL,11.6
-98.15,21.73,CHYVC,VER,PASO DE PIEDRAS (CHICAYAN),16.7
-109.08,29.43,PDNSO,SON,PASO NACORI,16.2
-103.81,19.26,PNTCM,COL,PE¤ITAS,26.0
-88.94,19.95,PETYC,YUC,PETO,21.4
-98.36,18.36,PIXPB,PUE,PIAXTLA,20.0
-100.52,28.7,76243,COAH,PIEDRAS NEGRAS,11.3
-100.51,28.66,PNGCL,COAH,PIEDRAS NEGRAS,11.3
-98.9,24.13,PILTP,TAMPS,PILON,14.7
-101.4,22.12,PINZC,ZAC,PINO SUÁREZ,9.6
-112.11,30.69,PTQSO,SON,PITIQUITO,14.0
-98.33,21.29,PSNVC,VER,PLATON SANCHEZ,17.2
-102.44,22.24,PTRAG,AGS,POTRERILLOS,12.4
-97.47,20.54,PRCVC,VER,POZA RICA,17.9
-107.63,28.51,AGZCH,CHIH,PRESA ABRAHAM GONZALEZ,7.7
-109.1,27.22,ARCSO,SON,PRESA ADOLFO RUIZ CORTINEZ,20.3
-109.93,27.48,AOBSO,SON,PRESA ALVARO OBREGON,19.3
-101.06,29.44,AMSCL,COAH,PRESA AMISTAD,9.6
-111.51,30.87,CHTSO,SON,PRESA CUAUHTEMOC,16.9
-100.94,29.21,CNTCL,COAH,PRESA EL CENTENARIO,10.1
-97.81,21.18,PEMVC,VER,PRESA EL MORALILLO,18.4
-107.39,29.56,TNTCH,CHIH,PRESA EL TINTERO,8.9
-99.36,20.16,ENDHD,HGO,PRESA ENDO,14.2
-98.68,22.62,ERCTP,TAMPS,PRESA ESTUDIANTE RAMIRO CABALLERO,16.6
-103.96,24,FVLDR,DGO,PRESA FRANCISCO VILLA,13.7
-103.77,25.27,FZRDR,DGO,PRESA FRANCISCO ZARCO,13.8
-106.8,24.57,JLPSI,SIN,PRESA JOSE LOPEZ PORTILLO,22.2
-108.71,26.41,JORSI,SIN,PRESA JOSEFA ORTIZ DE DOMINGUEZ,21.5
-98.33,20.05,PERHD,HGO,PRESA LA ESPERANZA,10.3
-106.97,29.94,LJSCH,CHIH,PRESA LAS LAJAS,7.1
-105.28,28.98,LLNCH,CHIH,PRESA LUIS L. LEON,12.7
-98.91,26.22,MRGTP,TAMPS,PRESA MARTE R. GOMEZ,13.3
-108.57,26.5,PMHSI,SIN,PRESA MIGUEL HIDALGO,20.4
-102.9,21.72,PMOZC,ZAC,PRESA MORALEÑOS,17.0
-104.65,24.23,PAGDR,DGO,PRESA PE¤A DEL AGUILA,10.1
-109.63,28.98,PECSO,SON,PRESA PLUTARCO ELIAS CALLES,19.9
-99.3,19.96,PRQHD,HGO,PRESA REQUENA,12.8
-98.86,22.78,SDATP,TAMPS,PRESA SACA DE AGUA,16.5
-98.8,22.94,SLZTP,TAMPS,PRESA SAN LORENZO,16.1
-100.95,29.03,SMGCL,COAH,PRESA SAN MIGUEL,11.0
-103.5,22.33,STEZC,ZAC,PRESA SANTA TERESA,13.6
-100.73,27.5,VCRCL,COAH,PRESA VENUSTIANO CARRANZA,10.8
-99.37,20.43,PVAHD,HGO,PRESA VICENTE AGUIRRE,14.4
-98.55,23.96,VGRTP,TAMPS,PRESA VICENTE GUERRERO,15.1
-89.65,21.28,76593,YUC,PROGRESO,22.9
-99.15,18.77,PROMR,MOR,PROGRESO,17.2
-89.6,21.3,PROYC,YUC,PROGRESO,23.0
-100.59,25.46,PRSCL,COAH,PROGRESO,9.9
-98.17,19.05,76685,PUE,PUEBLA,13.0
-98.16,19.05,PUOPB,PUE,PUEBLA OBSERVATORIO,13.1
-97.8,25.8,PANTP,TAMPS,PUEBLO ANAHUAC,14.5
-92.87,17.85,PNVTB,TAB,PUEBLO NUEVO,21.4
-92.86,17.86,PUEBLONUEVO,TAB,PUEBLO NUEVO,21.6
-91.96,15.84,PCOCP,CHIS,PUENTE CONCORDIA,20.2
-96.48,15.65,76855,OAX,PUERTO ANGEL,26.7
-96.5,15.7,PTAOX,OAX,PUERTO ANGEL,26.7
-102.13,22.2,PTOAG,AGS,PUERTO LA CONCEPCION,12.6
-110.31,28.47,PTASO,SON,PUNTA DE AGUA II,17.4
-92.93,17.56,PUYTB,TAB,PUYACATENGO,21.8
-106.47,23.56,QLTSI,SIN,QUELITE,20.6
-100.4,20.58,76625,QRO,QUERETARO,14.5
-97.61,19.25,QUIPB,PUE,QUIMIXTLAN,11.2
-103.72,19.22,RDRCM,COL,RADAR,25.8
-95.62,18.71,RALVC,VER,RADAR ALVARADO,21.3
-92.66,15.91,REFCP,CHIS,REFORMA,20.9
-97.99,23.25,RSPTP,TAMPS,REPUBLICA ESPA¤OLA,15.6
-98.88,21.42,RQTSL,SLP,REQUETEMU,17.2
-93.74,16.15,REVCP,CHIS,REVOLUCIÓN MEXICANA,20.4
-99,22.84,RFRTP,TAMPS,RIO FRIO,17.5
-103.03,23.82,RGRZC,ZAC,RIO GRANDE,10.2
-100,21.92,76581,SLP,RIO VERDE,15.3
-99.99,21.93,RVDSL,SLP,RIO VERDE,15.4
-91.19,18.89,SBNCA,CAMP,SABANCUY,21.2
-101.12,27.84,SBNCL,COAH,SABINAS,10.8
-99.09,23.02,SBNTP,TAMPS,SABINAS,17.3
-95.18,16.17,76833,OAX,SALINA CRUZ,26.3
-95.2,16.18,SCROX,OAX,SALINA CRUZ,26.1
-105.44,25.22,SACDR,DGO,SALOME ACOSTA,10.8
-101.02,25.38,76390,COAH,SALTILLO,11.1
-101.01,25.37,STOCL,COAH,SALTILLO,11.1
-92.35,17.56,SAACP,CHIS,SALTO DE AGUA,21.3
-92.34,17.56,SALTODEAGUA,CHIS,SALTO DE AGUA,21.8
-93.29,17.97,SAMTB,TAB,SAMARIA,20.9
-103.71,29.17,SANANTONIO,CHIH,SAN ANTONIO,8.8
-110.05,23.8,SANBS,BCS,SAN ANTONIO,19.7
-108.87,27.41,SBNSO,SON,SAN BERNARDO,20.6
-92.63,16.73,76845,CHIS,SAN CBAL. DE LAS CASAS,12.8
-92.63,16.73,SCOCP,CHIS,SAN CRISTOBAL OBSV.,12.9
-98.6,21.16,ORZHD,HGO,SAN FELIPE ORIZATLAN,16.8
-108.12,26.9,TBRSI,SIN,SAN FRANCISCO,21.3
-105.55,26.41,SGBDR,DGO,SAN GABRIEL,11.5
-98.78,23.08,SGBTP,TAMPS,SAN GABRIEL,15.5
-107.87,26.87,IGNCH,CHIH,SAN IGNACIO,17.5
-100.47,17.14,SJEGR,GRO,SAN JERONIMO,26.6
-98.2,19.55,SJATL,TLAX,SAN JOSE ATLANGA,8.6
-99.07,19.47,SJADF,DF,SAN JUAN DE ARAGON,13.2
-107.1,24.8,SLRSI,SIN,SAN LORENZO,22.4
-98.87,19.19,SLAMX,MEX,SAN LUIS AMECA,11.1
-100.51,21.3,SLPGJ,GTO,SAN LUIS DE LA PAZ,8.9
-100.01,22.14,SLPSL,SLP,SAN LUIS POTOSI,12.6
-101.02,22.21,76539,SLP,SAN LUIS POTOSÍ,12.2
-97.9,18.73,SMCPB,PUE,SAN MIGUEL CANOA,11.6
-102.97,25.75,SPECL,COAH,SAN PEDRO,13.1
-91.15,17.79,SPTTB,TAB,SAN PEDRO,22.4
-104.29,25.94,SMODR,DGO,SANTA MARIA DEL ORO,6.3
-103.11,22.93,STRZC,ZAC,SANTA ROSA,10.9
-111.44,30.39,SRSSO,SON,SANTA ROSA II,15.3
-92.1,15.77,SDOCP,CHIS,SANTO DOMINGO,21.4
-106.25,23.35,SQRSI,SIN,SIQUEROS,22.0
-98.6,26.24,CDOTP,TAMPS,S-J-2-18 CIUDAD DIAZ ORDAZ,13.5
-98.88,26.16,RYNTP,TAMPS,S-J-2-9 REYNOSA,13.1
-103.65,23.47,76471,ZAC,SOMBRERETE,12.5
-97.78,20.88,SBTVC,VER,SOMBRERETE,18.6
-103.64,23.64,SOMZC,ZAC,SOMBRERETE,12.6
-112.85,31.86,NYNSO,SON,SONOYTA,15.1
-98.2,23.77,76499,TAMPS,SOTO LA MARINA,16.2
-98.21,23.76,SLMTP,TAMPS,SOTO LA MARINA,15.8
-112.25,27.28,76253,BCS,STA. ROSALIA,19.5
-108.77,26.07,SFRSI,SIN,SUFRAGIO,21.2
-98.42,22.42,TMSTP,TAMPS,TAMESI,16.9
-97.86,22.2,76548,TAMPS,TAMPICO,17.6
-98.77,22,TMISL,SLP,TAMUIN,17.6
-89.05,20.18,TNTYC,YUC,TANTAKIN (EHCA),22.0
-92.25,14.92,76903,CHIS,TAPACHULA,28.2
-92.18,14.9,TAPCP,CHIS,TAPACHULA,28.1
-92.81,17.46,TAPTB,TAB,TAPIJULAPA,22.5
-100.75,20.28,TARGJ,GTO,TARIMORO,15.3
-99.38,19.83,TXMHD,HGO,TAXHIMAY,11.1
-102.87,22.1,TAYZC,ZAC,TAYAHUA,14.8
-92.96,17.56,TEATB,TAB,TEAPA,23.0
-97.71,18.88,TECPB,PUE,TECAMACHALCO,12.8
-103.88,18.92,TCMCM,COL,TECOMAN,27.7
-101.3,20.6,TEMGJ,GTO,TEMASCATIO,16.5
-107.82,28.95,76220,CHIH,TEMOSACHIC,6.7
-107.85,28.95,TMCCH,CHIH,TEMOSACHIC,6.9
-98.38,21.51,TMPVC,VER,TEMPOAL,17.1
-103.19,22.17,TENJL,JAL,TENASCO,14.5
-96.55,19.81,TNCVC,VER,TENOCHTITLAN,16.0
-102.58,21.45,TCAJL,JAL,TEOCALTICHE,15.8
-99.84,18.58,TPLMR,MOR,TEPALCINGO,20.3
-97.79,20,TDRPB,PUE,TEPANGO DE RODRIGUEZ,12.5
-97.45,19.48,TPYPB,PUE,TEPEYAHUALCO,11.0
-104.89,21.49,76556,NAY,TEPIC,20.7
-104.85,21.48,TEPNR,NAY,TEPIC,20.9
-109.21,27.65,TSOSO,SON,TESOCOMA,18.8
-97.81,19.83,TEOPB,PUE,TETELA DE OCAMPO,10.5
-97.35,19.81,TEZPB,PUE,TEZIUTLAN,11.4
-98.85,21.24,TBLSL,SLP,TIERRA BLANCA,16.8
-96.35,18.45,TBLVC,VER,TIERRA BLANCA,20.6
-88.16,21.15,TIZYC,YUC,TIZIMIN,21.1
-99.97,17.78,TLAGR,GRO,TLACOTEPEC,14.0
-102.79,21.56,TLAZC,ZAC,TLALCHICHILA,12.0
-99.97,17.78,TLPGR,GRO,TLAPA,20.7
-103.31,20.58,TLAJL,JAL,TLAQUEPAQUE,18.4
-98.24,19.31,76683,TLAX,TLAXCALA,13.0
-99.71,19.29,76675,MEX,TOLUCA,10.4
-103.43,21.52,76382,COAH,TORREON,14.9
-103.45,25.54,TORCL,COAH,TORREON OBSERVATORIO                *,14.9
-99.28,19.45,TTLMX,MEX,TOTOLICA (HIDROMETRICA),13.5
-103.39,18.96,TRJCM,COL,TROJES,21.8
-100.28,19.1,TROMX,MEX,TROJES,10.9
-98.36,20.08,76634,HGO,TULANCINGO,12.4
-98.36,20.08,TLGHD,HGO,TULANCINGO,12.7
-97.42,20.96,76640,VER,TUXPAN,17.5
-97.4,20.95,TXPVC,VER,TUXPAN,17.8
-93.1,16.76,TUXCP,CHIS,TUXTLA,22.1
-93.13,16.75,76843,CHIS,TUXTLA GUTIÉRREZ,21.4
-88.2,20.69,76647,YUC,VALLADOLID,22.5
-88.2,20.7,VALYC,YUC,VALLADOLID,22.5
-97.8,25.7,VHMTP,TAMPS,VALLE HERMOSO,12.6
-97.67,20.51,VENPB,PUE,VENUSTIANO CARRANZA,17.9
-96.14,19.16,76692,VER,VERACRUZ,21.5
-96.11,19.15,VERVC,VER,VERACRUZ,21.6
-97.8,25.9,VCATP,TAMPS,VILLA CARDENAS,13.1
-105.16,26.75,VICCH,CHIH,VILLA CORONADO,10.1
-101.72,22.35,VHGZC,ZAC,VILLA HIDALGO,9.6
-96.58,19.01,VTEVC,VER,VILLA TEJEDA,20.1
-92.93,17.98,76743,TAB,VILLAHERMOSA,22.8
-103.34,21.6,VILZC,ZAC,VILLITA,18.7
-96.94,19.52,XCFVC,VER,XALAPA CFE,13.9
-96.91,19.53,XOBVC,VER,XALAPA OBSERVATORIO,14.5
-98.48,17.9,XXHGR,GRO,XHOXIHUETLAN,20.4
-99.18,18.52,XICMR,MOR,XICATLACOTLA,19.2
-97.95,20.28,XDJPB,PUE,XICOTEPEC DE JUAREZ,12.3
-93.33,17.11,YAMCP,CHIS,YAMONHO,18.6
-108.92,28.37,YCRSO,SON,YECORA,9.3
-97.58,19.85,ZCPPB,PUE,ZACAPOAXTLA,10.7
-102.57,22.78,76525,ZAC,ZACATECAS,11.5
-102.58,22.76,ZACZC,ZAC,ZACATECAS,12.8
-99.2,18.63,ZCTMR,MOR,ZACATEPEC,19.7
-102.32,19.98,76662,MICH,ZAMORA,17.1
-102.29,20.04,ZAMMC,MICH,ZAMORA,16.4
-102.71,21.85,CALVILLO,AGS,CALVILLO AGS.,15.2
-105.5,28.17,DELICIAS,CHIH,CIUDAD DELICIAS CHIH.,12.9
-93.13,16.75,TXOCP,CHIS,TUXTLA GTZ OBSV.,21.1
-103.98,26.55,LAFLOR,DGO,LA FLOR DE JIMULCO DGO. AUTOMATICA,12.2
-99.58,20.5,HUICHAPAN,HGO,HUICHAPAN HGO.,11.7
-108.32,26.73,CHXSI,SIN,CHOIX ESTACION,21.3
-97.74,20.99,ALAVC,VER,ALAMO TEMAPACHE,16.8
-98.71,20.1,PCOHD,HGO,PACHUCA OBSERVATORIO,11.5
-92.23,15.77,SMICP,CHIS,SAN MIGUEL ,21.6
-92.82,16.93,SNACP,CHIS,SANTA MARÍA,20.4
-99.58,24.18,PVLTP,TAMPS,PUERTO DE VALLES,12.0
-99.55,24.23,PJMTP,TAMPS,PRESA PEDRO J. MENDEZ,14.1
-102.37,19.08,APAMC,MICH,APATZINGAN (EHCA),25.5
-92.91,17.5,SJOTB,TAB,SAN JOAQUIN,22.1
-97.78,17.8,HLOOX,OAX,HUAJ. DE LEON OBSERV,16.3
-107.53,25.33,BDRSI,SIN,BADIRAGUATO,20.0
-103.7,27.29,SMJCL,COAH,Sierra Mojada Coah.,11.1
-101.47,21.07,COMGJ,GTO,Comanjilla Gto.,13.9
-101.22,21.48,SFEGJ,GTO,San Felipe Gto.,9.4
-99.13,19.91,TTQMX,MEX,TAJO DE TQUIXQUIAC,10.2
-99.32,18.63,PIXMR,MOR,Puente de Ixtla Mor.,20.6
-98.76,18.88,OCTMR,MOR,Ocuituco Mor.,16.0
-107.06,24.75,VINSI,SIN,Vinoramas Sin.,20.6
-107.76,25.12,RAVSI,SIN,Estación Rancho Viejo Sin.,19.9
-95.03,18.52,SONVC,VER,Sontecomapan Ver.,18.6
-100.51,20.13,JCRGJ,GTO,JERECUARO,13.6
-100.36,20.2,CORGJ,GTO,Coroneo Gto.,10.6
-100.62,20.45,APSGJ,GTO,APASEO EL ALTO,13.5
-100.81,20.83,IALGJ,GTO,IGNACIO ALLENDE,12.6
-101.83,21.05,BRRGJ,GTO,PRESA EL BARRIAL,13.6
-100.09,21.3,XICGJ,GTO,Xichu Gto.,14.9
-101.11,21.32,LQMGJ,GTO,La Quemada Gto.,9.7
-99,18.73,MYOMR,MOR,MOYOTEPEC,20.6
-98.14,22.98,AHLTP,TAMPS,AHUALULCO,16.9
-89.45,20.1,MOCYC,YUC,MOCOCHA,22.0
-98.06,19.09,CPLPB,PUE,CAPULAC,12.3
-107.92,27.22,URICH,CHIH,URIQUE CHIH (EHCA),22.2
-99.1,19.39,TEZDF,DF,TEZONTLE DF (EHCA),14.0
-97.25,17.44,NOCHISTLAN,OAX,NOCHISTLAN OAX,14.2
-98.37,21.15,HUEHD,HGO,HUEJUTLA HGO (EHCA),17.1
-105.13,20,RTOJL,JAL,RIO TOMATLAN (EHCA),24.8
-98.05,20.18,UDSPB,PUE,UNIVERSIDAD DE LA SIERRA,10.5
-102.46,22.18,ANVAG,AGS,CINCUENTA ANIVERSARIO,13.4
-98.86,19.64,SNLMX,MEX,SAN LUCAS,11.4
-104.91,27.11,JMNCH,CHIH,JIMENEZ,10.9
-101.23,21.2,CSTGJ,GTO,LOS CASTILLOS,15.1
-104.56,19.23,CIHJL,JAL,CIHUATLAN,26.8
-98.13,18.94,AFRPB,PUE,AFRICAM,14.3
-97.4,18.4,TEHPB,PUE,TEHUACAN,13.4
-103.85,25.82,MPMDR,DGO,MAPIMI,11.4
-100.17,23.68,DARNL,NL,DOCTOR ARROYO,13.2
-99.82,24.1,ARRNL,NL,ARAMBERRI,11.7
-99.91,24.32,ASCNL,NL,LA ASCENSION,8.8
-99.69,24.78,CRUNL,NL,LAS CRUCITAS,12.6
-100.08,24.83,GALNL,NL,GALEANA,9.5
-99.57,24.87,CAMNL,NL,CAMACHO,13.6
-99.38,24.97,CPRNL,NL,PRESA CERRO PRIETO,13.0
-99.44,24.98,CARNL,NL,CARMEN D.L.E.,12.6
-99.83,25.18,MTMNL,NL,MONTEMORELOS,12.0
-100.11,25.44,LBCNL,NL,CORTINA DE LA BOCA,11.9
-100.18,25.51,ECSNL,NL,EL CERRITO,11.2
-100.3,25.73,OBSNL,NL,OBSERVATORIO DE MONTERREY,14.3
-100,25.96,HGRNL,NL,HIGUERAS,11.6
-99.61,26.09,CRVNL,NL,CERRALVO,10.9
-92.75,17.39,OXOTB,TAB,OXOLOTAN,22.4
-100.27,25.8,CANNL,NL,EL CANADA,13.3
-91.48,17.43,LACCP,CHIS,LACANTUN,21.7
-92.92,17.98,EMUTB,TAB,EL MUELLE VILLAHERMOSA,22.8
-92.92,17.97,GABTB,TAB,GAVIOTAS II,22.3
-101.28,20.85,PRSGJ,GTO,PRESA LA PURISIMA,14.0
-101.2,20.56,SLMGJ,GTO,SALAMANCA,15.2
-101.13,20.21,LDYGJ,GTO,SANTA MARÍA YURIRIA,14.4
-101.45,20.31,CBLMC,MICH,CASA BLANCA,13.9
-107.91,27.21,URECH,CHIH,URIQUE ESTACION,22.7
-101.54,17.64,ZHTGR,GRO,ZIHUATANEJO,28.5
-98.91,19.57,GRDMX,MEX,LA GRANDE,13.2
-101.2,20.9,ECHGJ,GTO,EL CHAPIN,15.2
-96.53,17.88,SFUOX,OAX,SAN FELIPE USILA,18.6
-113.58,31.3,PT2SO,SON,PUERTO PEÑASCO,17.5
-104.12,26.06,CEBDR,DGO,CEBALLOS,11.2
-100.58,20.55,AMCGJ,GTO,AMECHE,13.5
-99.83,21.65,PMYSL,SLP,PEDRO MONTOYA (SAN CIRO),15.7
-105.5,26.44,VOCDR,DGO,VILLA OCAMPO,12.2
-103.87,19.17,LAECM,COL,La Esperanza Col.,24.2
-100.08,19.21,VALLEDEBRAVO,MEX,Valle de Bravo Méx. SMN*,9.5
-99.1,18.79,TICMR,MOR,Ticumán Mor.,18.2
-96.85,18.4,TLPPB,PUE,,20.2
-96.97,19.45,TAPVC,VER,Tapachapan ver.,14.3
-98.73,17.77,OLNGR,GRO,OLINALA,21.0
-100.8,20.5,TGRGJ,GTO,TRES GUERRAS,13.8
-98.91,19.53,SADMX,MEX,SAN ANDRES (TEXCOCO),11.7
-110.21,30,BNMSO,SON,BANAMICHI,15.8
-101.51,21.63,OCMGJ,GTO,OCAMPO,11.0
-100.87,21.1,PNLGJ,GTO,PEÑUELITAS,11.5
-100.81,20.05,SLSGJ,GTO,PRESA SOLIS,15.2
-100.5,20.2,ECBGJ,GTO,EL CUBO,13.8
-100.88,20.21,SLVGJ,GTO,SALVATIERRA,14.6
-101.06,20.3,SRTGJ,GTO,SANTA RITA,14.3
-101.02,20.4,SJLGJ,GTO,SANTA JULIA,14.5
-101.13,20.51,PERGJ,GTO,PERICOS,14.0
-101.36,20.73,ECNGJ,GTO,PRESA EL CONEJO,14.0
-100.93,21.15,DHGGJ,GTO,DOLORES HIDALGO,14.4
-101.66,21.16,EPLGJ,GTO,EL PALOTE,14.2
-103.37,20.67,GUAJL,JAL,GUADALAJARA CENTRO,17.2
-104.12,19.85,TMLJL,JAL,TRIGO MIL,16.9
-103.33,20.73,EXPJL,JAL,LA EXPERIENCIA,16.9
-99.09,19.48,GCNDF,DF,GRAN CANAL,11.2
-99.18,19.74,PCGMX,MEX,PUENTE COLGANTE,9.5
-94.16,17.57,TMOVC,VER,TIERRA MORADA,19.5
-96.33,19.15,MFAVC,VER,MANLIO FABIO ALTAMIRANO,21.6
-89.09,20.02,TANYC,YUC,TANTAKIN,20.1
-110.23,30.59,BCNSO,SON,BACANUCHI,11.5
-103.45,21.06,CXTJL,JAL,CUIXTLA,20.0
-96.87,19.65,NAOVC,VER,NAOLINCO,12.6
-100.02,16.96,LDCGR,GRO,LAGUNA DE COYUCA,24.4
-98.5,16.66,QTZGR,GRO,Quetzala Gro.,24.6
-103.71,22.73,BCSJL,JAL,BOCAS,14.6
-101.7,21.5,CRTJL,JAL,PRESA EL CUARENTA,13.5
-105.38,27.58,COLINA,CHIH,COLINA. SAN FRANCISCO CONCHOS CHIH.,10.1
-99.42,18.6,HUAMR,MOR,HUAJINTLAN,19.5
-103.09,20.39,ATQJL,JAL,ATEQUIZA,15.5
-110.17,30.34,ARZSO,SON,ARIZPE,11.2
-97.76,21.23,TMTSL,SLP,TEMAMATLA,17.2
-98.15,24.84,FDOTP,TAMPS,SAN FERNANDO,13.9
-98.83,18.95,ACHMR,MOR,Achichipico Mor.,16.3
-101.85,21.35,SAUJL,JAL,LA SAUCEDA,13.0
-98.88,19.48,CHPMX,MEX,CHAPINGO,12.2
-103.25,22.13,CLTJL,JAL,COLOTLAN,14.6
-110.95,31.32,NGLSO,SON,NOGALES,14.1
-108.2,28.2,BSSCH,CHIH,BASSASEACHIC,7.6
-108.93,30.35,BCRSO,SON,BACERAC,10.8
-101.68,22.63,SDHSL,SLP,SALINAS DE HIDALGO,14.8
-102.7,20.29,JMYJL,JAL,JAMAY,14.1
-103.31,21.77,TLLZC,ZAC,TLATENANGO,14.0
-107.07,26.81,GCCCH,CHIH,GUACHOCHI CHIH (EHCA),5.7
-93.08,16.67,CREDREVOLUCIONM,CHIS,CRED REVOLUCION MEXICANA,20.8
-101.85,19.83,ZCAMC,MICH,ZACAPU,15.5
-98.61,21.69,SVTSL,SLP,SAN VICENTE,16.8
-104.11,25.22,NZSDR,DGO,NAZAS,14.2
-100.23,19.98,TEPMC,MICH,PRESA TEPUXTEPEC,13.9
-99.22,19.47,MBLMX,MEX,MOLINO BLANCO,15.0
-98.44,23.72,PDMTP,TAMPS,PASO DE MOLINA,14.5
-100.57,25.27,SAACL,COAH,SAN ANTONIO DE LAS ALAZANAS,11.7
-114.72,29.73,CATAVINA,BC,CATAVIÑA BC,17.2
-102.67,21.99,CDRAG,AGS,LA CODORNIZ,15.4
-103.8,20.6,VEGJL,JAL,LA VEGA,16.9
-102.2,17.9,MOCMC,MICH,MELCHOR OCAMPO,12.4
-93.86,16.06,PAREDONMAR,CHIS,PAREDON SEMAR,26.9
-99.11,18.72,TLOMR,MOR,TLACOTEPEC ZACUALPAN,15.9
-106.38,26.46,RVGCH,CHIH,EL VERGEL,4.0
-100.5,21.22,POZGJ,GTO,Pozos Gto.,10.3
-102.9,18.8,LPNMC,MICH,LOS PANCHES,24.1
-99.4,18.8,RODMR,MOR,PRESA EL RODEO,21.7
-100.81,20.53,CLYGJ,GTO,CELAYA,14.9
-99.5,17.6,ODZGR,GRO,OBSERVATORIO DE ZUMPANGO,21.3
-92.4,14.7,PTOCHIAPASMAR,CHIS,PUERTO  CHIAPAS SEMAR,25.8
-100.94,19.55,AGOMC,MICH,AGOSTITLAN,11.1
-102.14,20,UREMC,MICH,UREPETIRO,11.7
-98.9,18.9,OAXMR,MOR,OAXTEPEC,18.8
-115.27,32.39,MXCBN,BC,MEXICALI,16.8
-97.64,19.31,ECTTL,TLAX,EL CARMEN TEQUEXQUITLA,9.4
-101.75,20.43,GLNGJ,GTO,PRESA LA GOLONDRINA,16.4
-101.86,20.2,CORMC,MICH,CORRALES,15.8
-115.19,32.41,ENLBN,BC,EJIDO NUEVO LEON                    *,17.4
-105.85,25.09,TORSI,SIN,Las Tortugas Sin.,22.5
-100.55,19.7,CHIMC,MICH,CIUDAD HIDALGO,13.8
-89.28,21.07,MTOYC,YUC,MOTUL,19.8
-103,22.64,JERZC,ZAC,JEREZ,14.1
-98.92,18.98,TOTMR,MOR,TOTOLOAPAN,16.3
-102.72,20.07,SAHMC,MICH,SAHUAYO,16.0
-99.26,18.85,SLDMR,MOR,SOLIDARIDAD                         ,17.0
-92.57,15.2,DESCP,CHIS,DESPOBLADO,26.7
-92.88,15.45,MAPCP,CHIS,MAPASTEPEC,26.4
-96.2,17.86,JACOX,OAX,JACATEPEC,20.1
-97.25,18.92,PCRPB,PUE,PASO CARRETAS,8.8
-97.82,19.62,IXTPB,PUE,Ixtacamaxtitlán Pue.,11.7
-95.03,17.43,JCRVC,VER,JESUS CARRANZA,20.8
-94.08,17.87,JDCVC,VER,SAN JOSÉ DEL CARMEN,20.3
-95.3,18.14,CTTVC,VER,COATOTOLAPAN,19.4
-95.35,18.25,LAUVC,VER,LAUCHAPAN,18.7
-97.23,18.92,LGRVC,VER,LOMA GRANDE,9.1
-96.15,19.06,ETEVC,VER,EL TEJAR,19.3
-96.95,19.18,HTSVC,VER,HUATUSCO,12.0
-96.94,19.58,BANVC,VER,BANDERILLAS,14.1
-93.27,16.23,VIFCP,CHIS,VILLAFLORES,19.3
-101.1,19.7,MCEMC,MICH,MORELIA CENTRO,14.9
-100.64,23.65,MATSL,SLP,MATEHUALA,13.1
-99.23,19.45,EMOMX,MEX,EL MOLINITO RIO HONDO,10.1
-101.02,20.43,SMAGJ,GTO,San Miguel de Allende Gto.,11.5
-98.9,18.8,CUAMR,MOR,CUAUTLA,18.3
-99.2,18.9,TEMMR,MOR,TEMIXCO,20.7
-94.73,17.95,JALVC,VER,JALTIPAN         *,21.2
-96.93,19.45,COAVC,VER,COATEPEC,14.5
-88.14,21.58,RLAYC,YUC,R.LAGARTO,22.4
-101.18,20.38,VDSGJ,GTO,V. DE SANTIAGO,13.0
-99.36,19.61,OBSMX,MEX,SAN MARTN OBISPO,12.7
-99,19.08,ATLMR,MOR,ATLATLAHUACAN ATLATLAH.,16.3
-99.18,17.61,CHLGR,GRO,CHILAPA,18.7
-99.24,19.53,CLYMX,MEX,Calacoaya Méx.,11.8
-103.6,22.69,LAFLORIDACFE,ZAC,La Florida Zac. CFE*,11.4
-99.53,17.17,TCOGR,GRO,TIERRA COLORADA,25.6
-102.7,19.9,GUAMC,MICH,GUARACHA,17.2
-102.27,19.97,CHAMC,MICH,CHAPARACO,15.1
-99.44,18.66,TILMR,MOR,El Tilcuate Mor.,20.7
-101.2,18.8,LPZMC,MICH,LOS PINZANES,25.8
-90.76,18.61,ESCARCEGA,CAMP,ESCARCEGA AUTOMATICA,22.2
-107.99,27.86,MAGCH,CHIH,MAGUARICHI CHIH (EHCA),14.3
-99.52,18.36,IGUALA,GRO,IGUALA GRO.,23.9
-101.72,20.13,ANGMC,MICH,ANGAMACUTIRO MICH. (EHCA),14.9
-88.92,18.46,NICOLASBRAVO,QROO,NICOLAS BRAVO Q. ROO,22.1
-111.83,28.75,BAHIAKINO,SON,BAHIA DE KINO,18.4
-102.51,22.75,ZA2ZC,ZAC,ZACATECAS ZAC (EHCA),11.9
-99.21,24.99,PAMNL,NL,LA PAMONA,13.4
-99.74,24.99,CABNL,NL,CABEZONES,12.3
-99.52,25.5,LERNL,NL,LAS ENRAMADAS,13.1
-100.16,25.95,CDFNL,NL,CIENEGA DE FLORES,11.6
-92.66,15.31,ESCCP,CHIS,ESCUINTLA,27.1
-92.61,16.74,SCRCP,CHIS,SAN CRISTOBAL CABAÑAS,11.7
-100,27.23,ANHNL,NL,ANAHUAC,11.5
-92.95,15.49,ELNCP,CHIS,EL NOVILLERO,27.4
-102.3,18.12,VILMC,MICH,PRESA LA VILLITA,27.8
-102.24,20.33,YURMC,MICH,YURECUARO,14.7
-99.4,18.6,AMCMR,MOR,AMACUZAC,20.0
-95.55,18.27,GARVC,VER,GARRO,21.2
-92.71,15.35,CACCP,CHIS,CACALUTA,25.6
-99.43,17.98,PETGR,GRO,PETAQUILLAS,20.1
-92.72,15.86,JAPCP,CHIS,JALTENANGO,20.6
-102.2,17.97,ADUMC,MICH,ADJUNTAS,13.8
-102.54,20.25,SCRMC,MICH,SAN CRISTOBAL,14.8
-101.28,19.62,COIMC,MICH,COINTZIO,14.1
-107.28,26.68,GRCCH,CHIH,GUERACHIC,20.2
-102.4,20.3,DGNMC,MICH,DE GONZALO,15.8
-98.75,20.59,LMTHD,HGO,METZTITLAN,16.7
-102.75,20.14,LPAMC,MICH,LA PALMA,16.0
-100.87,20.38,LGVGJ,GTO,P. LA GAVIA,14.0
-99.9,20.14,CNPMX,MEX,PRESA LA CONCEPCIÓN,10.9
-99.39,17.56,TXTGR,GRO,TIXTLA,18.2
-100.44,19.89,MRVMC,MICH,MARAVATIO,14.2
-102.75,19.18,CHLMC,MICH,P. CHILATAN,26.0
-101.05,19.52,PDBMC,MICH,PLANTA DE BOMBEO,13.6
-101.45,19.55,VJIMC,MICH,VILLA JIMENEZ,11.7
-101.2,19.7,MNOMC,MICH,MORELIA NORTE,15.4
-102.64,19.83,SJUMC,MICH,SAN JUANICO,15.5
-101.6,20.3,PORMC,MICH,PASTOR ORTIZ,12.6
-100.68,20.53,AEGGJ,GTO,APASEO EL GRANDE,16.3
-101.87,18.77,INFMC,MICH,PRESA INFIERNILLO,27.5
-102.2,18.8,LPSMC,MICH,LA PASTORIA,26.2
-100.9,18.5,CMNMC,MICH,CAIMANERA,24.6
-103.88,23.47,TCHZC,ZAC,CHALCHIHUITES,12.6
-102.6,19.9,JARMC,MICH,JARIPO,16.1
-102,20.35,LPDMC,MICH,LA PIEDAD,16.1
-114.83,31.03,SFELIPEOB,BC,OBSERVATORIO SAN FELIPE,18.9
-115.19,32.41,ENVOLEONob,BC,Observatorio Envoleón B.C. SMN*,16.7
-114.73,32.7,ALGODONESob,BC,Observatorio Algodones B.C. SMN*,17.7
-110.32,24.12,LAPAZob,BCS,Observatorio La Paz B.C.S. SMN*,21.0
-112.25,27.28,STAROSALIAob,BCS,Observatorio Sta. Rosalia B.C.S. SMN*,20.6
-90.5,19.83,CAMPECHEob,CAMP,Observatorio Campeche Camp. SMN*,22.5
-107.82,28.95,TEMOSACHICob,CHIH,Observatorio Temosachic Chih. SMN*,6.8
-92.13,16.23,COMITANob,CHIS,Observatorio Comitán Chis. SMN*,20.1
-103.45,25.53,TORREONOB,COAH,OBSERVATORIO TORREON,15.4
-100.57,28.68,PNEGRASOB,COAH,OBSERVATORIO PIEDRAS NEGRAS,11.8
-98.75,20.12,PACHUCAob,HGO,Observatorio Pachuca Hgo. SMN*,11.6
-103.46,19.73,CDGUZMANob,JAL,Observatorio Cd. Guzman Jal. SMN*,17.3
-103.39,20.71,GUADALAJARAob,JAL,Observatorio Guadalajara Jal. SMN*,15.6
-99.71,19.29,TOLUCAob,MEX,Observatorio Toluca Méx. SMN*,9.3
-99.21,18.64,ZACATEPECob,MOR,Observatorio Zacatepec Mor. SMN*,20.5
-104.89,21.49,TEPICob,NAY,Observatorio Tepic Nay. SMN*,20.9
-100.3,25.73,MONTERREYob,NL,Observatorio Monterrey N.L. SMN*,13.9
-96.49,15.67,PANGELob,OAX,Observatorio Puerto Angel Oax. SMN*,27.0
-98.17,19.05,PUEBLAob,PUE,Observatorio Puebla Pue. SMN*,13.3
-100,21.92,RIOVERDEob,SLP,Observatorio Río Verde S.L.P. SMN*,16.0
-110.8,27.95,EMPALMEob,SON,Observatorio Empalme Son. SMN*,19.9
-97.1,18.85,ORIZABAOB,VER,OBSERVATORIO ORIZABA,15.3
-89.65,21.3,PROGRESOOB,YUC,OBSERVATORIO PROGRESO,22.8
-111.35,26.01,LORETOOB,BCS,OBSERVATORIO LORETO,20.8
-102.07,21.01,LACUNACFE,JAL,La Cuña Jal. CFE*,15.0
-107.4,24.8,CULIACANOB,SIN,OBSERVATORIO CULIACAN,20.0
-108.92,28.37,YC2SO,SON,YECORA (EHCA),9.5
-96.9,19.51,XALAPAOB,VER,OBSERVATORIO XALAPA,14.8
-99.27,19.52,PREMX,MEX,PRESA MADÍN MEX (EHCA),11.1
-105.8,27.45,VZRCH,CHIH,VALLE DE ZARAGOZA,11.0
-105.42,25.03,SPPDR,DGO,SANTIAGO PAPASQUIARO,12.6
-111.35,26.01,76304,BCS,LORETO (AUTOMATICA),20.9
-99.1,18.9,YAHMR,MOR,YAHUTEPEC,18.8
-102.37,20.04,ORAMC,MICH,ORANDINO,15.1
-109.18,25.91,AHMSI,SIN,AHOME,19.9
-104.89,21.35,LMORENOob,JAL,Observatorio Lagos de Moreno Jal. SMN*,15.7
-89.98,20.98,CICYC,YUC,CENTRO DE INV.CIENTIFICA,22.9
-109.68,30.37,PNACOZARIob,SON,Observatorio P. Nacozari Son. SMN*,14.7
-87.07,20.62,PDCQR,QROO,PLAYA DEL CARMEN,23.0
-97.31,20.45,PPNVC,VER,PAPANTLA,16.5
-101.36,20.28,LJIGJ,GTO,Las Jicamas Gto.,15.5
-93.55,17.35,SITALA,CHIS,Sitala Chis. GASIR*,17.5
-93.38,17.42,TAPILULA,CHIS,Tapilula Chis. GASIR*,18.1
-98.48,20.53,HUYVC,VER,HUAYACOCOTLA,10.2
-103.09,21.93,GJAZC,ZAC,GENERAL JOAQUIN AMARO,11.7
-99.1,16.96,AYUGR,GRO,AYUTLA,25.1
-96.39,19.26,LOFVC,VER,Loma Fina Ver.,21.4
-114.85,31.03,SFLBN,BC,SAN FELIPE,17.8
-92.4,15,HUECP,CHIS,Huehuetán Chis.,27.8
-100.92,25.44,ESLCL,COAH,E. C. Saltillo Coah.,10.8
-103.26,25.77,FIMCL,COAH,Francisco I. Madero Coah.,12.8
-104.56,25.18,RDODR,DGO,Rodeo Dgo.,12.9
-98.51,17.62,IXTGR,GRO,Ixcateopan de Tlapa Gro.,21.7
-103.36,20.58,PITJL,JAL,PIAE Toluquilla Jal.,17.5
-98.78,18.94,HUXMR,MOR,Huecahuaxco Mor.,14.5
-96.53,17.43,ATEOX,OAX,Atepec Oax.,13.6
-110.29,30.98,CNNSO,SON,Cananea Son.,13.6
-99.27,24.02,STETP,TAMPS,Santa Engracia Tamps.,14.2
-89.58,20.5,CANYC,YUC,CANTAMAYEN,21.3
-89.68,20.65,ABAYC,YUC,Abala Yuc.,18.2
-102.78,24.63,SJGDR,DGO,San Juan de Guadalupe Dgo.,16.6
-104.29,25.56,SPGDR,DGO,San Pedro del Gallo Dgo.,12.5
-104.28,25.08,SLCDR,DGO,S. L. del Cordero Dgo.,13.6
-97.1,19.65,LVRVC,VER,LAS VIGAS DE RAMÍREZ,7.8
-110.14,29,MZTSO,SON,MAZATAN,19.4
-106.96,26.1,GYCCH,CHIH,GUADALUPE Y CALVO,8.0
-107.13,27.25,NRGCH,CHIH,NOROGACHIC,7.8
-104.8,24.51,CB2DR,DGO,CABORACA (HIDRO),9.0
-103.96,24,FV2DR,DGO,FRANCISCO VILLA,13.6
-104.65,24.23,PA2DR,DGO,PEÑA DEL AGUILA HIDRO,10.0
-89.54,20.39,TICYC,YUC,TICUL,20.7
-103.44,26.11,THODR,DGO,TLAHUALILO,12.4
-101.9,29,ZPTCL,COAH,ZAPATA,9.6
-99.2,19.31,CCH Sur,DF,CCH Sur,12.6
-99.2,19.4,ENP 4,DF,VIDAL CASTAÑEDA Y N.,13.7
-99.13,19.42,ENP 7,DF,EZEQUIEL A. CHAVEZ,14.3
-98.64,20.65,ZXTHD,HGO,ZACUALTIPAN,11.5
-99.5,20.66,ZMPHD,HGO,PRESA ZIMAPAN,14.5
-104.25,20.83,IXTLANRIO,NAY,Ixtlan del Río Nay. SMN*,18.7
-99.78,23.98,ZRGNL,NL,ZARAGOZA,11.8
-97.83,20.17,ZRGPB,PUE,ZARAGOZA,9.0
-108.33,26.72,CHOIXob,SIN,Observatorio Choix Sin. SMN*,21.4
-97.91,19.2,ZITTL,TLAX,ZITLALTEPEC,10.2
-96.95,19.23,TOTVC,VER,Totutla Ver.,13.9
-90.38,20.86,CELYC,YUC,Celestun Yuc.  SMN*,23.3
-97.01,18.33,ZOQPB,PUE,Zoquitlán Pue.,13.0
-99.16,19.35,ENP 6,DF,ANTONIO CASO,14.0
-99.75,16.76,ACUGR,GRO,ACAPULCO (EHCA),26.6
-115.93,30.52,ENBBN,BC,San Quintin (Ej. Nvo. B.C.) B.C.,16.0
-116.81,32.47,EFLBN,BC,EL FLORIDO,18.0
-114.72,32.7,PDMBN,BC,PRESA DERIVADORA MORELOS,16.0
-105.78,27.99,VILLALBA,CHIH,VILLALBA CHIH. AUTOMATICA,11.7
-99.17,19.45,CBIDF,DF,ESCUELA NACIONAL DE CIENCIAS BIOLOGICAS IPN. DF. (EHCA),13.6
-99.08,18.95,TEPOZTLAN,MOR,TEPOZTLAN MOR.,19.3
-114.78,32.48,SLCSO,SON,San Luis Río Colorado Son.,17.8
-105.72,25.34,76373,DGO,TEPEHUANES,10.8
-105.43,25.34,TLHDR,DGO,TEPEHUANES,10.1
-109.38,30.44,LCDSO,SON,PRESA LA ANGOSTURA,15.5
-98.75,18.88,HUEMR,MOR,Hueyapan Mor.,12.2
-100.9,19.9,MLPMC,MICH,MALPAIS,13.9
-101.02,25.38,SALTILLOob,COAH,Observatorio Saltillo Coah. SMN*,10.4
-99.08,23.38,ENNTP,TAMPS,LA ENCANTADA,13.5
-108.37,28.41,YEPCH,CHIH,YEPACHE,9.5
-98.19,18.91,AVCPB,PUE,AVILA CAMACHO,19.0
-96.97,20.05,LIBVC,VER,LIBERTAD,18.8
-103.56,22.31,MRSZC,ZAC,MONTE ESCOBEDO,10.0
-103.46,19.69,CGZJL,JAL,CIUDAD GUZMAN,16.5
-105.33,22.5,ACAPONETA,NAY,ACAPONETA,22.3
-113.55,31.3,PTOPENASCOob,SON,Observatorio Pto. Peñasco Son. SMN*,17.4
-101.92,22.52,VGOZC,ZAC,VILLA GONZALEZ ORTEGA,15.9
-104.33,19.07,MANZANILLOob,COL,Observatorio Manzanillo Col. SMN*,26.1
-104.67,23.87,SB2DR,DGO,SANTIAGO BAYACORA HIDRO,12.4
-107.15,24.81,SN2SI,SIN,SANALONA HIDRO,19.8
-107.38,25.09,AL2SI,SIN,EL VAREJONAL,21.2
-108.32,26.08,GB2SI,SIN,EL SABINAL (HIDRO) P  GUILLERMO BLAKE,20.3
-108.35,26.9,LD2SI,SIN,HUITES HIDRO,21.4
-102.25,22.44,LMOZC,ZAC,LUIS MOYA,12.4
-98.91,19.63,ACOLMAN,MEX,Acolman Méx. GASIR*,13.9
-109.06,25.59,TOPOLOBAMPOMAR,SIN,TOPOLOBAMPO SEMAR,20.5
-100.64,26.84,CDLCL,COAH,CANDELA,12.7
-97.93,22.39,ALTAMIRAOB,TAMPS,OBSERVATORIO ALTAMIRA,17.4
-110.93,29.08,HERMOSILLOob,SON,Observatorio Hermosillo Son. SMN*,20.2
-98.28,26.07,RYATP,TAMPS,S-J-3-42 REYNOSA,13.1
-102.4,20.1,SSIMC,MICH,SAN SIMON,18.9
-97.86,22.2,76547,TAMPS,TAMPICO (AUTOMATICA),17.7
-100.4,20.58,QUERETAROob,QRO,Observatorio Queretaro Qro. SMN*,13.7
-92.75,17.39,TAPIJULAPA,TAB,TAPIJULAPA TAB,21.8
-100.84,21.59,AJJJL,JAL,AJOJUCAR,13.2
-89.87,19.71,XCPCA,CAMP,XCUPIL,21.4
-106.98,24.93,TMZDR,DGO,TAMAZULA,23.2
-100.7,19.65,PUCMC,MICH,PUCUATO,10.7
-101.66,19.93,AMEMC,MICH,Aristeo Mercado Mich.,14.5
-102.42,20.18,BIBMC,MICH,BARRAJE DE IBARRA,15.9
-101.63,20.25,LANMC,MICH,LOS ANGELES,15.3
-103.6,22.69,LFLZC,ZAC,LA FLORIDA,11.5
-106.65,24.04,ACTSI,SIN,ACATITLAN,20.9
-104.91,27.11,JIMENEZCHIH,CHIH,JIMENEZ CHIH.,10.2
-99.16,18.88,IMTMR,MOR,INSTITUTO MEXICANO DE TECNOLOGIA DEL AGUA (EHCA),18.6
-100.55,25.03,SRANL,NL,SAN RAFAEL,9.5
-110.24,28.71,SJPSO,SON,San José de Pimas Son.,17.9
-94.22,16.4,ZANOX,OAX,ZANATEPEC,25.9
-95.42,16.44,EMAOX,OAX,EL MARQUEZ (RIO TEHUANTEPEC),25.8
-108.35,25.74,ZOPSI,SIN,EL ZOPILOTE,20.4
-100.11,24.42,MYNNL,NL,MIER Y NORIEGA,13.1
-105.05,20.58,CULJL,JAL,CUALE,21.1
-107.5,25.3,SJNSI,SIN,SAN JUAN,20.6
-99.32,20.36,PROJOGOMEZ,HGO,PRESA ROJO GOMEZ HGO.,12.7
-94.4,16.5,OSTOX,OAX,OSTUTA,23.6
-100.41,19.84,LDFMC,MICH,LAGUNA DEL FRESNO,13.9
-105.85,22.98,RSRSI,SIN,ROSARIO,22.3
-106.95,24.48,SCRSI,SIN,SANTA CRUZ,22.7
-102.5,21.3,SGRJL,JAL,SAN GASPAR DE LOS REYES,12.3
-108.76,26.6,CZNSO,SON,CAZANATE,19.1
-102.72,21.84,CALVILLOCFE,AGS,CALVILLO CFE,17.1
-111.83,24.48,PCORTESMAR,BCS,PUERTO CORTES SEMAR,20.6
-106.77,26.23,CHNCH,CHIH,Chinatu Chih.  SMN*,8.6
-106.22,27.45,BOCADELRIO,CHIH,BOCADELRIO CHIH. AUTOMATICA,11.1
-114.73,18.34,ISOCORROMAR,COL,ISLA SOCORRO SEMAR,24.2
-104.3,19.07,MANZANILLOMAR,COL,MANZANILLO SEMAR,25.3
-105.47,24.19,LVEDR,DGO,LAS VEGAS (EHCA),6.7
-106,24.5,TDRDR,DGO,EL TULE DEL REAL,24.1
-101.06,17.27,PTOVICENTEMAR,GRO,PUERTO VICENTE SEMAR,27.1
-100.66,18.35,CA2GR,GRO,CD. ALTAMIRANO GUERRERO (EHCA),26.9
-99.39,20.74,ZIMAPAN,HGO,ZIMAPAN HGO. AUTOMATICA,14.6
-102.5,20.55,ATOTONILCOCFE,JAL,ATOTONILCO CFE,16.0
-101.85,21.35,SAUCEDACFE,JAL,SAUCEDA CFE,12.7
-98.64,19.1,IXTAPOPO,MEX,IXTAPOPO MEX. AUTOMATICA,6.3
-98.89,19.49,CHAPINGO,MEX,Chapingo Méx. GASIR*,11.9
-98.83,19.5,SANCTORUM,MEX,SANCTORUM,8.3
-106.54,21.63,ISLASMARIASMAR,NAY,ISLAS MARIAS SEMAR,22.0
-96.13,15.81,HUATULCOMAR,OAX,HUATULCO SEMAR,26.7
-95.19,16.17,SALINACRUZMAR,OAX,SALINA CRUZ SEMAR,25.9
-95.04,16.88,MROOX,OAX,MATIAS ROMERO (EHCA),20.7
-97.39,19.89,TEZIUTLAN,PUE,TEZIUTLAN PUE. AUTOMATICA,10.3
-88.7,19.75,JMORELOS,QROO,JOSE MARIA MORELOS Q. ROO,21.9
-108.01,25.9,JNASI,SIN,JAINA,19.8
-99.38,23.41,JAUMAVE,TAMPS,JAUMAVE TAMPS. AUTOMATICA,15.6
-97.77,23.79,LAPESCAMAR,TAMPS,LA PESCA SEMAR,16.6
-97.22,21.47,ISLALOBOSMAR,VER,ISLA LOBOS SEMAR,19.3
-89.39,20.29,OXKUTZCAB,YUC,OXKUTZCAB YUC. AUTOMATICA,23.4
-100.51,28.71,76242,COAH,PIEDRAS NEGRAS (AUTOMATICA),12.1
-105.29,21.23,SANBLASMAR,NAY,SAN BLAS SEMAR,22.1
-99.55,24.57,VSMTP,TAMPS,Victoria-San Marcos Tamps.,14.7
-103.73,19.23,COLIMAOB,COL,OBSERVATORIO COLIMA,25.2
-92.93,17.98,VHERMOSAob,TAB,Observatorio Villahermosa Tab. SMN*,22.8
-97.91,19.31,HMTTL,TLAX,HUAMANTLA,9.7
-102.2,17.9,MLCMC,MICH,MELCHOR OCAMPO L.C.,28.2
-98.23,19.32,TLAXCALAOB,TLAX,OBSERVATORIO TLAXCALA,12.8
-98.23,19.32,76684,TLAX,Tlaxcala (Automatica),12.6
-86.77,21.07,CNCQR,QROO,CANCUN QROO. (EHCA),23.0
-99.1,19.38,ENP 2,DF,ERASMO CASTELLANOS,14.4
-102.35,22.45,CUAZC,ZAC,CD. CUAHTEMOC,12.5
-99.35,18.76,MIAMR,MOR,MIACATLAN,20.8
-98.97,18.9,ELPMR,MOR,EL PEÑON,17.7
-111.02,30.05,QRBSO,SON,QUEROBABI,16.9
-107.93,30.42,NCGRANDESOB,CHIH,OBSERVATORIO NUEVO CASAS GRANDES,9.0
-107.84,25.49,SANJUAN,SIN,SAN JUAN SIN. AUTOMATICA,20.5
-89.63,20.98,FAEYC,YUC,FUERZA AEREA,22.6
-88.16,21.57,RILYC,YUC,RIO LAGARTOS YUC. (EHCA),22.1
-105.3,28.95,MOCAMPO,CHIH,MELCHOR OCAMPO CHIH.,12.2
-99.19,19.37,ENP 8,DF,MIGUEL E. SCHULTZ,12.6
-99.03,21.98,CDVALLES,SLP,CIUDAD VALLES SLP.,18.1
-92.26,14.9,TAMCP,CHIS,TAPACHULA (MALPASO),25.9
-104.66,26.51,JIMENEZ2CHIH,CHIH,JIMENEZ CHIH. GASIR AUTOMATICA,10.8
-105.25,26.54,PPICODELAGUILA,CHIH,PRESA PICO DEL AGUILA CHIH.,12.9
-99.65,18.26,COCULA,GRO,COCULA GRO.,23.2
-108.62,26.41,ELFUERTE,SIN,EL FUERTE SIN. AUTOMATICA,19.6
-116.2,32.27,AGHBN,BC,AGUA HECHICERA,11.3
-105.28,28.99,HGRANERO,CHIH,EL GRANERO (HIDROM) AUTOMATICA,12.8
-99.38,18.7,CUTMR,MOR,CUAUTLITA,20.2
-99.43,18.88,PAPMR,MOR,Palpan Mor.,18.4
-98.94,19.04,TLCMR,MOR,TLACUALERA,9.5
-96.11,19.14,VERACRUZOB,VER,OBSERVATORIO VERACRUZ,21.5
-99.06,19.38,CCH Oriente,DF,CCH Oriente,13.5
-104.05,23.62,SELDR,DGO,PRESA SANTA ELENA,12.2
-97.51,20.03,CTZPB,PUE,CUETZALAN,14.1
-97.42,19.43,ZALVC,VER,ZALAYETA,7.9
-109.91,22.88,CSLBS,BCS,CABO SAN LUCAS,22.6
-109.66,23.05,SJCBS,BCS,SAN JOSE DEL CABO,22.1
-110.21,23.43,TSNBS,BCS,TODOS SANTOS,20.1
-109.71,23.45,SNTBS,BCS,SANTIAGO,17.4
-109.55,23.58,RBRBS,BCS,LA RIBERA,17.6
-109.7,23.68,LBABS,BCS,LOS BARRILES,21.3
-109.88,23.71,SBABS,BCS,SAN BARTOLO,18.3
-109.98,24.07,PLNBS,BCS,LOS PLANES,18.4
-111.65,25,CCNBS,BCS,CD. CONSTITUCION,19.8
-112,26.86,MLGBS,BCS,MULEGE,17.5
-112.28,27.3,SRLBS,BCS,SANTA ROSALIA,19.2
-113.42,27.78,DORBS,BCS,DIAZ ORDAZ,16.3
-114.05,27.96,GNGBS,BCS,GUERRERO NEGRO,17.0
-99.37,17.47,MCHGR,GRO,MOCHITLAN,23.5
-98.27,19.97,TEZONCUALPA,HGO,TEZONCUALPA HGO,8.6
-99.51,19.12,NEVMX,MEX,NEVADO DE TOLUCA MEX (EHCA),3.2
-103.11,21.4,JCHZC,ZAC,JUCHIPILA,16.7
-109.6,23.06,SARBS,BCS,EL SARGENTO,19.2
-99.6,18.55,TAXGR,GRO,TAXCO,16.5
-102.62,24.98,NTAZC,ZAC,Nuevo Tampico Zac.,11.9
-96.14,19.04,PDTVC,VER,PASO DEL TORO,21.9
-99.93,17.6,YXTGR,GRO,Yextla Gro.,17.4
-96.93,17.52,SNAOX,OAX,Santiago Nacaltepec Oax.,11.4
-104.6,24.09,DURANGOob,DGO,Observatorio Durango Dgo. SMN*,12.9
-96.2,18.97,COPVC,VER,El Copital Ver.,20.4
-102.12,21.8,TNJAG,AGS,LA TINAJA II,13.0
-102.18,21.82,CLVAG,AGS,CALVILLITO,10.1
-102.1,21.88,SNVAG,AGS,SANDOVALES,11.5
-101.96,21.91,PALAG,AGS,PALO ALTO,12.1
-98.56,19.58,CPPTL,TLAX,CALPULALPAN,9.2
-103.6,22.69,LAFLORIDA,ZAC,LA FLORIDA ZAC AUTOMATICA,11.1
-101.25,21.02,GUANAJUATOOB,GTO,OBSERVATORIO GUANAJUATO,15.2
-89.74,20,BOLCA,CAMP,BOLONCHEN,23.1
-88.47,20.39,CHIYC,YUC,CHANCHICHIMILA,19.6
-99.14,19.27,ENP 5,DF,JOSÉ VASCONCELOS,13.9
-100.83,19.86,ZINMC,MICH,ZINAPECUARO,14.3
-96.55,17.27,SCIOX,OAX,SANTA CATARINA IXTEPEJI,13.8
-106.41,23.22,MAZATLANob,SIN,Observatorio Mazatlan Sin. SMN*,21.9
-101.91,21.35,LDMJL,JAL,LAGOS DE MORENO,13.7
-107.9,27.9,BTVCH,CHIH,BATOVIRA,10.1
-99.2,18.6,JOJMR,MOR,JOJUTLA,21.5
-100.98,22.18,SLPOTOSIOB,SLP,OBSERVATORIO SAN LUIS POTOSI,12.4
-100.98,22.18,76538,SLP,San Luis Potosi (Automatica),10.0
-106.36,26.13,ROSDR,DGO,LA ROSILLA,3.9
-92.67,15.33,ESCUINTLA,CHIS,ESCUINTLA CHIS.,27.3
-109.08,30.07,ARISO,SON,ARIBABI,9.2
-93.33,18.42,PARAISO,TAB,PARAISO TAB.,23.8
-90.82,18.06,MONCLOVACAMP,CAMP,MONCLOVA CAMP. AUTOMATICA,24.9
-99.18,19.33,CCA ,DF,CCA-UNAM,13.2
-103.28,25.06,LFLDR,DGO,LA FLOR,13.2
-105,25.61,LCRDR,DGO,PRESA LAZARO CARDENAS,14.7
-105.53,26,SBEDR,DGO,San Bernardo Dgo.,10.3
-99.75,16.76,76806,GRO,ACAPULCO (AUTOMATICA),27.1
-102.25,20.48,HUAJL,JAL,HUASCATO,16.2
-105.02,22.37,PAJNR,NAY,PAJARITOS,22.7
-105.34,22.55,LESNR,NAY,LA ESTANCIA,22.9
-109.5,29.53,TPCSO,SON,TEPACHE,18.0
-102.19,22,CHOAG,AGS,CAÑADA HONDA,12.7
-98.33,21.01,ATCHD,HGO,ATLAPEXCO,19.0
-97.54,21.06,CLHVC,VER,CHALAHUITE TUXPAN,18.3
-98.24,19.21,ZACTL,TLAX,ZACATELCO,12.2
-107.25,28.8,BACCH,CHIH,BACHINIVA,7.5
-99.12,19.27,ENP 1,DF,GABINO BARREDA,13.3
-99.13,19.48,ENP 9,DF,PEDRO DE ALVA,14.2
-99.2,19.5,CCH Azcapotzalco,DF,CCH Azcapotzalco,13.2
-89.61,21.04,FIYYC,YUC,FIUADY,21.1
-89.53,21.08,CONYC,YUC,CONKAL,21.0
-89.65,21.3,76592,YUC,Progreso (Automatica),23.3
-103.46,21.47,TGOZC,ZAC,TEUL DE GONZALEZ  ORTEGA,14.3
-99.14,18.52,NEXMR,MOR,NEXPA,20.0
-96.91,18.21,LCAOX,OAX,La Carbonera Oax.,12.2
-102.8,21.79,MNLAG,AGS,MEDIA LUNA,14.2
-102.59,22.18,ALMAG,AGS,ALAMITOS (CAMPAMENTO),9.6
-99.61,18.9,PDZMX,MEX,PORFIRIO DÍAZ,12.8
-99.6,19.32,RECMX,MEX,RECTORIA,11.4
-99.95,19.66,TPTMX,MEX,TEPATITLAN,10.5
-99.79,19.82,PFBMX,MEX,PRESA FRANCISCO T. FABELA,8.7
-99.6,19.9,DNXMX,MEX,PRESA DANXHO,9.1
-99.7,20,PNDMX,MEX,P. ¥ADO,11.6
-99.7,20.06,HPNMX,MEX,P. HUAPANGO,8.0
-99.7,20.1,PMNMX,MEX,P. EL MOLINO,9.2
-95.92,17.73,RMLOX,OAX,RIO MANSO LA LANA,21.0
-96.13,18.08,TUXOX,OAX,TUXTEPEC,22.1
-95.52,18.63,NLTVC,VER,NARANJAL LERDO DE TEJADA,21.1
-96.64,19.32,CRRVC,VER,CARRIZAL,20.9
-96.96,19.38,TCOVC,VER,TEOCELO,16.1
-96.7,19.43,CEGVC,VER,Cerro Gordo Ver.,17.9
-102.89,23.17,FREZC,ZAC,FRESNILLO,11.1
-96.97,19.55,OTIVC,VER,Otilpan Ver.,13.2
-99.51,19.2,CGCMX,MEX,GERENCIA CNA CODAGEM,9.9
-116.3,32.51,HNGBN,BC,EL HONGO,8.9
-101.05,17.38,CYQGR,GRO,COYUQUILLA,26.5
-101,18.45,LCLGR,GRO,LA CALERA,22.7
-103.78,21.83,BLNJL,JAL,BOLA¤OS,19.9
-99.94,18.93,TESMX,MEX,TESCALTITLAN,11.3
-99.63,19.29,COBMX,MEX,C.N.A. OBSERVATORIO,10.0
-99.7,19.3,SBBMX,MEX,SAN BERNABE (J. ANTONIO ALZATE),9.6
-99.7,19.33,CALMX,MEX,CALIXTLAHUACA,9.8
-99.8,19.33,TBRMX,MEX,Tres Barrancas Méx.,7.5
-99.21,19.4,PTLMX,MEX,PRESA TOTOLICA,9.9
-98.9,19.44,TJCMX,MEX,EL TEJOCOTE,9.5
-99.77,19.46,PIRMX,MEX,P. IGNACIO RAMIREZ (ATOTONILCO),8.0
-99.76,19.56,IXCMX,MEX,IXTLAHUACA,10.0
-99.7,19.6,SLBMX,MEX,SAN BARTOLO DEL LLANO,8.9
-99.86,19.78,ATPMX,MEX,ATLACOMULCO PREPA,8.2
-99.16,18.79,TMCMR,MOR,TEMOAC,17.1
-96.45,17.12,SMAOX,OAX,San Antonio Cuajimoloyas Oax.,7.1
-101,22.2,SGRSL,SLP,SOLEDAD GRACIANO,11.2
-110.88,30.71,IMRSO,SON,IMURIS,13.5
-99.25,18.73,OACMR,MOR,OACALCO,19.3
-95.6,16.42,TEQOX,OAX,TEQUISISTLAN,23.4
-99.96,20.2,IDFQT,QRO,SAN ILDEFONSO,10.1
-100,20.36,SJSQT,QRO,SAN JOSE,13.0
-100.07,20.41,CNSQT,QRO,CONSTITUCION DE 1917,12.5
-100.35,20.5,BATQT,QRO,EL BATAN,12.5
-100.45,20.53,EPUQT,QRO,EL PUEBLITO,13.6
-100.36,20.56,OBSQT,QRO,OBSERVATORIO DE QUERETARO,14.1
-99.81,21.05,PMLQT,QRO,PE¥AMILLER,16.3
-102.07,22.1,VJZAG,AGS,VILLA JUÁREZ,11.8
-101.93,21.36,OLMJL,JAL,LAGOS DE MORENO OBS.,15.8
-100.36,20.56,GHQQT,QRO,GERENCIA HIDALGO QRO.,13.8
-99.71,19.2,SJHMX,MEX,SAN JUAN DE LAS HUERTAS,10.2
-105.11,21.83,CAPNR,NAY,CAPOMAL,23.1
-99.26,18.73,ALUMR,MOR,ALPUYECA,20.2
-97.25,19.58,PERVC,VER,PEROTE,6.5
-103.45,20.75,BAZJL,JAL,Base Aerea Zapopan Jal.,14.8
-99.8,19.63,SMLMX,MEX,SANTA MARIA DEL LLANO,10.1
-99.24,19.47,CCH Naucalpan,MEX,CCH Naucalpan,13.5
-93.1,16.83,CSUMIDERO,CHIS,Cañon del Sumidero Chis. SMN*,16.2
-92.93,17.53,PUYACATENGO,TAB,PUYACATENGO TAB.,20.8
-92.88,18.01,PORVENIR,TAB,PORVENIR TAB.                                                                                                                                        ,23.2
-102.17,25.45,PARCL,COAH,PARRAS,11.4
-96.88,19.6,INCVC,VER,INGENIO CONCEPCION,13.1
